-- phpMyAdmin SQL Dump
-- version 5.2.1
-- https://www.phpmyadmin.net/
--
-- Host: 127.0.0.1
-- Generation Time: Dec 07, 2024 at 12:07 AM
-- Server version: 10.4.32-MariaDB
-- PHP Version: 8.2.12

SET SQL_MODE = "NO_AUTO_VALUE_ON_ZERO";
START TRANSACTION;
SET time_zone = "+00:00";


/*!40101 SET @OLD_CHARACTER_SET_CLIENT=@@CHARACTER_SET_CLIENT */;
/*!40101 SET @OLD_CHARACTER_SET_RESULTS=@@CHARACTER_SET_RESULTS */;
/*!40101 SET @OLD_COLLATION_CONNECTION=@@COLLATION_CONNECTION */;
/*!40101 SET NAMES utf8mb4 */;

--
-- Database: `hibernatetest`
--

-- --------------------------------------------------------

--
-- Table structure for table `affectation`
--


INSERT INTO `filiere` (`date_expiration`, `date_reconnaissance`, `nombre_annees`, `coordinateur`, `id`, `intitule`, `diplome`) VALUES
('2030-12-31', '2020-09-01', 3, 0x42345678123456781234567812345678, 0x0c223456781234567812345678123456, 'Software Engineering', 'MA'),
('2029-05-30', '2019-05-01', 2, 0x82345678123456781234567812345678, 0x0c323456781234567812345678123456, 'Cybersecurity', 'LC'),
('2035-09-01', '2023-09-01', 4, 0xc2345678123456781234567812345678, 0x0c423456781234567812345678123456, 'Data Science and Analytics', 'MA'),
('2033-07-15', '2021-07-15', 2, 0x0e123456781234567812345678123456, 0x0c523456781234567812345678123456, 'Cloud Computing', 'LC'),
('2031-08-20', '2020-08-20', 3, 0x0e223456781234567812345678123456, 0x0c623456781234567812345678123456, 'Internet of Things (IoT)', 'MA'),
('2030-04-25', '2018-04-25', 2, 0x0e323456781234567812345678123456, 0x0c723456781234567812345678123456, 'Embedded Systems', 'CP'),
('2032-02-28', '2022-02-28', 3, 0x0e423456781234567812345678123456, 0x0c823456781234567812345678123456, 'Quantum Computing', 'MA'),
('2030-12-31', '2020-01-01', 5, 0x32345678123456781234567812345678, 0x82345678123456781234567812345678, 'Computer Science', 'MA'),
('2032-06-30', '2022-06-15', 5, 0x0e923456781234567812345678123456, 0xc1234567812345678123456700003456, 'Artificial Intelligence', 'MA');

-- --------------------------------------------------------



INSERT INTO `module` (`nombre_heures`, `id`, `responsable`, `intitule`, `mode_evaluation`) VALUES
(30, 0x0a123456781234567812345678123456, NULL, 'Introduction to AI', 'EXAM'),
(40, 0x0a223456781234567812345678123456, NULL, 'Machine Learning Fundamentals', 'PROJECT'),
(45, 0x0a323456781234567812345678123456, NULL, 'Data Mining', 'EXAM'),
(35, 0x0a423456781234567812345678123456, NULL, 'Cloud Computing Basics', 'PROJECT'),
(25, 0x0a523456781234567812345678123456, NULL, 'Cybersecurity Essentials', 'EXAM'),
(50, 0x0a623456781234567812345678123456, NULL, 'Computer Vision', 'PROJECT'),
(30, 0x0a723456781234567812345678123456, NULL, 'Deep Learning Applications', 'EXAM'),
(35, 0x0a823456781234567812345678123456, NULL, 'Human-Computer Interaction', 'PROJECT'),
(40, 0x0a923456781234567812345678123456, NULL, 'Programming for Data Science', 'EXAM'),
(25, 0x0aa23456781234567812345678123456, NULL, 'Introduction to Databases', 'PROJECT'),
(30, 0x0ab23456781234567812345678123456, NULL, 'Software Development Methodologies', 'EXAM'),
(50, 0x0ac23456781234567812345678123456, NULL, 'Blockchain Technology', 'PROJECT'),
(35, 0x0ad23456781234567812345678123456, NULL, 'Internet of Things (IoT)', 'EXAM'),
(40, 0x0ae23456781234567812345678123456, NULL, 'Ethics in Artificial Intelligence', 'PROJECT'),
(45, 0x0af23456781234567812345678123456, NULL, 'Natural Language Processing', 'EXAM'),
(30, 0x0b023456781234567812345678123456, NULL, 'Parallel and Distributed Computing', 'PROJECT'),
(35, 0x0b123456781234567812345678123456, NULL, 'Quantum Information Systems', 'EXAM'),
(50, 0x0b223456781234567812345678123456, NULL, 'Introduction to Bioinformatics', 'PROJECT'),
(40, 0x0b323456781234567812345678123456, NULL, 'Software Testing and Validation', 'EXAM'),
(25, 0x0b423456781234567812345678123456, NULL, 'Digital Signal Processing', 'PROJECT'),
(50, 0x0f012345678123456781234567812345, 0x42345678123456781234567812345678, 'Quantum Computing', 'PROJECT'),
(40, 0x0f112345678123456781234567812345, 0x82345678123456781234567812345678, 'Introduction to Robotics', 'EXAM'),
(30, 0x0f123456781234567812345678123456, 0x32345678123456781234567812345678, 'Advanced Algorithms', 'EXAM'),
(45, 0x0f212345678123456781234567812345, 0xc2345678123456781234567812345678, 'Parallel Computing', 'PROJECT'),
(40, 0x0f223456781234567812345678123456, 0x42345678123456781234567812345678, 'Machine Learning', 'PROJECT'),
(30, 0x0f312345678123456781234567812345, 0x0e123456781234567812345678123456, 'Mobile Application Development', 'EXAM'),
(25, 0x0f323456781234567812345678123456, 0x82345678123456781234567812345678, 'Database Design', 'EXAM'),
(35, 0x0f412345678123456781234567812345, 0x0e223456781234567812345678123456, 'Game Development', 'PROJECT'),
(35, 0x0f423456781234567812345678123456, 0xc2345678123456781234567812345678, 'Computer Networks', 'EXAM'),
(40, 0x0f512345678123456781234567812345, 0x32345678123456781234567812345678, 'Theory of Computation', 'EXAM'),
(45, 0x0f523456781234567812345678123456, 0x0e123456781234567812345678123456, 'Artificial Intelligence', 'PROJECT'),
(30, 0x0f612345678123456781234567812345, 0x42345678123456781234567812345678, 'Advanced Data Structures', 'PROJECT'),
(30, 0x0f623456781234567812345678123456, 0x0e223456781234567812345678123456, 'Cloud Computing', 'EXAM'),
(45, 0x0f712345678123456781234567812345, 0x82345678123456781234567812345678, 'Compiler Design', 'EXAM'),
(50, 0x0f723456781234567812345678123456, 0x0e323456781234567812345678123456, 'Operating Systems', 'PROJECT'),
(35, 0x0f812345678123456781234567812345, 0xc2345678123456781234567812345678, 'Neural Networks', 'PROJECT'),
(25, 0x0f823456781234567812345678123456, 0x0e423456781234567812345678123456, 'Cybersecurity Fundamentals', 'EXAM'),
(25, 0x0f912345678123456781234567812345, 0x0e123456781234567812345678123456, 'Software Testing', 'EXAM'),
(40, 0x0f923456781234567812345678123456, 0x0e523456781234567812345678123456, 'Human-Computer Interaction', 'PROJECT'),
(50, 0x0fa23456781234567812345678123456, 0x0e223456781234567812345678123456, 'Big Data Analytics', 'PROJECT'),
(30, 0x0fb23456781234567812345678123456, 0x0e323456781234567812345678123456, 'Advanced Operating Systems', 'EXAM'),
(35, 0x0fc23456781234567812345678123456, 0x0e423456781234567812345678123456, 'Mobile Security', 'PROJECT'),
(40, 0x0fd23456781234567812345678123456, 0x0e523456781234567812345678123456, 'Bioinformatics', 'EXAM'),
(25, 0x0fe23456781234567812345678123456, 0x0e623456781234567812345678123456, 'Digital Image Processing', 'PROJECT'),
(30, 0x0ff23456781234567812345678123456, 0x0e723456781234567812345678123456, 'Machine Vision', 'EXAM'),
(30, 0x92345678123456781234567812345678, 0x32345678123456781234567812345678, 'Chemistry', 'EXAM'),
(50, 0xa2345678123456781234567812345678, 0x32345678123456781234567812345678, 'Biology', 'PROJECT'),
(50, 0xf0245678123456781234567812345678, 0x0e823456781234567812345678123456, 'Embedded Programming', 'PROJECT'),
(35, 0xf1245678123456781234567812345678, 0x0e923456781234567812345678123456, 'Blockchain Fundamentals', 'EXAM'),
(40, 0xf2245678123456781234567812345678, 0x0ea23456781234567812345678123456, 'Ethical Hacking', 'PROJECT'),
(45, 0xf3245678123456781234567812345678, 0x32345678123456781234567812345678, 'Wireless Networks', 'EXAM'),
(30, 0xf4245678123456781234567812345678, 0x42345678123456781234567812345678, 'Quantum Algorithms', 'PROJECT'),
(35, 0xf5245678123456781234567812345678, 0x82345678123456781234567812345678, 'Natural Language Processing', 'EXAM'),
(50, 0xf6245678123456781234567812345678, 0xc2345678123456781234567812345678, 'IoT Systems', 'PROJECT'),
(40, 0xf7245678123456781234567812345678, 0x0e123456781234567812345678123456, 'Advanced Software Development', 'EXAM'),
(25, 0xf8245678123456781234567812345678, 0x0e223456781234567812345678123456, 'Autonomous Systems', 'PROJECT'),
(35, 0xfa123456781234567812345678123456, 0x0e623456781234567812345678123456, 'Software Engineering', 'EXAM'),
(50, 0xfb123456781234567812345678123456, 0x0e723456781234567812345678123456, 'Data Science', 'PROJECT'),
(45, 0xfc123456781234567812345678123456, 0x0e823456781234567812345678123456, 'Distributed Systems', 'EXAM'),
(25, 0xfd123456781234567812345678123456, 0x0e923456781234567812345678123456, 'Programming Languages', 'PROJECT'),
(30, 0xfe123456781234567812345678123456, 0x0ea23456781234567812345678123456, 'Embedded Systems', 'EXAM'),
(35, 0xff123456781234567812345678123456, 0x32345678123456781234567812345678, 'Digital Signal Processing', 'EXAM');


INSERT INTO `professeur` (`date_dernier_diplome`, `date_embauche`, `id`, `grade`) VALUES
('2010-06-15', '2015-09-01', 0x0e123456781234567812345678123456, 'PHD'),
('2012-03-28', '2016-11-10', 0x0e223456781234567812345678123456, 'PHD'),
('2008-09-12', '2013-07-20', 0x0e323456781234567812345678123456, 'MA'),
('2015-05-01', '2017-12-15', 0x0e423456781234567812345678123456, 'MA'),
('2017-01-20', '2019-09-25', 0x0e523456781234567812345678123456, 'PHD'),
('2016-12-08', '2020-02-10', 0x0e623456781234567812345678123456, 'MA'),
('2013-04-17', '2018-06-05', 0x0e723456781234567812345678123456, 'PHD'),
('2014-11-03', '2019-03-12', 0x0e823456781234567812345678123456, 'MA'),
('2019-06-25', '2021-07-18', 0x0e923456781234567812345678123456, 'PHD'),
('2018-08-13', '2020-10-21', 0x0ea23456781234567812345678123456, 'MA'),
('2018-06-20', '2019-09-01', 0x32345678123456781234567812345678, 'PHD'),
('2012-06-20', '2015-09-01', 0x42345678123456781234567812345678, 'PHD'),
('2014-08-10', '2016-10-15', 0x82345678123456781234567812345678, 'MA'),
('2018-11-25', '2019-07-20', 0xc2345678123456781234567812345678, 'PHD');


INSERT INTO `qualification` (`date_obtention`, `id`, `prof`, `intitule`) VALUES
('2010-06-15', 0x0e123456781234567812345678123456, 0x42345678123456781234567812345678, 'Bachelor in Computer Science'),
('2012-06-20', 0x0e223456781234567812345678123456, 0x42345678123456781234567812345678, 'Master in Data Science'),
('2015-07-01', 0x0e323456781234567812345678123456, 0x42345678123456781234567812345678, 'PhD in Artificial Intelligence'),
('2015-03-25', 0x0e423456781234567812345678123456, 0xc2345678123456781234567812345678, 'Bachelor in Biology'),
('2017-06-30', 0x0e523456781234567812345678123456, 0xc2345678123456781234567812345678, 'Master in Biotechnology'),
('2018-11-25', 0x0e623456781234567812345678123456, 0xc2345678123456781234567812345678, 'PhD in Genetic Engineering'),
('2008-05-10', 0x0f123456781234567812345678123456, 0x82345678123456781234567812345678, 'Bachelor in Mechanical Engineering'),
('2010-06-15', 0x0f223456781234567812345678123456, 0x82345678123456781234567812345678, 'Master in Industrial Engineering'),
('2014-08-10', 0x0f323456781234567812345678123456, 0x82345678123456781234567812345678, 'Certified Lean Manufacturing Specialist'),
('2019-07-01', 0xd2345678123456781234567812345678, 0x32345678123456781234567812345678, 'Master in Mathematics'),
('2017-05-20', 0xe2345678123456781234567812345678, 0x32345678123456781234567812345678, 'PhD in Physics'),
('2005-06-15', 0xfa123456781234567812345678123456, 0x0e123456781234567812345678123456, 'Bachelor in Mathematics'),
('2008-03-28', 0xfa223456781234567812345678123456, 0x0e223456781234567812345678123456, 'Bachelor in Chemistry'),
('2004-09-12', 0xfa323456781234567812345678123456, 0x0e323456781234567812345678123456, 'Bachelor in Physics'),
('2010-05-01', 0xfa423456781234567812345678123456, 0x0e423456781234567812345678123456, 'Bachelor in Computer Science'),
('2012-01-20', 0xfa523456781234567812345678123456, 0x0e523456781234567812345678123456, 'Bachelor in Biology'),
('2012-06-15', 0xfa623456781234567812345678123456, 0x0e623456781234567812345678123456, 'Bachelor in Economics'),
('2010-04-17', 0xfa723456781234567812345678123456, 0x0e723456781234567812345678123456, 'Bachelor in Mechanical Engineering'),
('2011-11-03', 0xfa823456781234567812345678123456, 0x0e823456781234567812345678123456, 'Bachelor in Literature'),
('2015-06-25', 0xfa923456781234567812345678123456, 0x0e923456781234567812345678123456, 'Bachelor in Environmental Science'),
('2010-08-13', 0xfaa23456781234567812345678123456, 0x0ea23456781234567812345678123456, 'Bachelor in Sociology'),
('2010-06-15', 0xfb123456781234567812345678123456, 0x0e123456781234567812345678123456, 'PhD in Applied Mathematics'),
('2012-03-28', 0xfb223456781234567812345678123456, 0x0e223456781234567812345678123456, 'PhD in Organic Chemistry'),
('2008-09-12', 0xfb323456781234567812345678123456, 0x0e323456781234567812345678123456, 'Master in Quantum Mechanics'),
('2015-05-01', 0xfb423456781234567812345678123456, 0x0e423456781234567812345678123456, 'Master in Software Engineering'),
('2017-01-20', 0xfb523456781234567812345678123456, 0x0e523456781234567812345678123456, 'PhD in Genetics'),
('2016-12-08', 0xfb623456781234567812345678123456, 0x0e623456781234567812345678123456, 'Master in Financial Analysis'),
('2013-04-17', 0xfb723456781234567812345678123456, 0x0e723456781234567812345678123456, 'PhD in Robotics'),
('2014-11-03', 0xfb823456781234567812345678123456, 0x0e823456781234567812345678123456, 'Master in Creative Writing'),
('2019-06-25', 0xfb923456781234567812345678123456, 0x0e923456781234567812345678123456, 'PhD in Climate Change Studies'),
('2018-08-13', 0xfba23456781234567812345678123456, 0x0ea23456781234567812345678123456, 'Master in Social Work');


INSERT INTO `role` (`id`, `role`) VALUES
(1, 'ROLE_ADMIN'),
(4, 'ROLE_PROF'),
(2, 'ROLE_SP'),
(3, 'ROLE_SS');


INSERT INTO `user` (`date_naissance`, `role_id`, `id`, `adresse`, `cin`, `email`, `nom`, `prenom`, `pwd`, `telephone`, `genre`) VALUES
('1980-07-14', 4, 0x0e123456781234567812345678123456, '1001 Ivy Lane', 'R100001', 'prof.jake.smith@example.com', 'Smith', 'Jake', '$2a$10$udvpggC8O06r01UT63w0DuOh5UWjw0FIhUQLy0/YlTb.xnb5rERJi', '+212699123456', 'M'),
('1982-03-28', 4, 0x0e223456781234567812345678123456, '2002 Maple Drive', 'R100002', 'prof.mary.jones@example.com', 'Jones', 'Mary', '$2a$10$Lm8BkS.VQR2fmzdmpzfeteRBWvrxbrgLcE3Hqud5eiE1ABILfLGzK', '+212699234567', 'F'),
('1979-09-12', 4, 0x0e323456781234567812345678123456, '3033 Oak Street', 'R100003', 'prof.alan.brown@example.com', 'Brown', 'Alan', '$2a$10$35ouc4h9IY87PuRY7nTqVuCZr1EoWSvdXuHj9.WdhLtPURAv4I25.', '+212699345678', 'M'),
('1985-05-01', 4, 0x0e423456781234567812345678123456, '4044 Pine Avenue', 'R100004', 'prof.julia.green@example.com', 'Green', 'Julia', '$2a$10$LGwtpsapS30rpeUiyqS6UuVZaIOY06IVOdfC8061owYX.Hd4kx.C.', '+212699456789', 'F'),
('1990-01-20', 4, 0x0e523456781234567812345678123456, '5055 Elm Street', 'R100005', 'prof.matt.davis@example.com', 'Davis', 'Matt', '$2a$10$C3Cr1hEBaAkUUrPW6EJZlOLTg1GLitgF82g.XDKeoWIk437BPJ/H6', '+212699567890', 'M'),
('1987-12-08', 4, 0x0e623456781234567812345678123456, '6066 Birch Road', 'R100006', 'prof.linda.wilson@example.com', 'Wilson', 'Linda', '$2a$10$Z35Hl6lTyeQaHfqUrpXb1uGZlzoDP9WJh4A3ODgqHXcEwa74aAsLK', '+212699678901', 'F'),
('1984-04-17', 4, 0x0e723456781234567812345678123456, '7077 Cedar Lane', 'R100007', 'prof.mike.anderson@example.com', 'Anderson', 'Mike', '$2a$10$2Pqz/Q/oz6/HNpWuCVDPfOU5hka.Br22sXpi26wtdh2bbYosNGD4u', '+212699789012', 'M'),
('1986-11-03', 4, 0x0e823456781234567812345678123456, '8088 Aspen Blvd', 'R100008', 'prof.lisa.lee@example.com', 'Lee', 'Lisa', '$2a$10$DDiGms3WtaR7yDY8Bnz37.htCZ6ZewbQYWsW/WFhuUzl4o06rSEwK', '+212699890123', 'F'),
('1992-06-25', 4, 0x0e923456781234567812345678123456, '9099 Chestnut Drive', 'R100009', 'prof.sam.clark@example.com', 'Clark', 'Sam', '$2a$10$9DYsN2I3xPpf6gcuJ4bbMOlMHf8aJYM8Bg.t9D2/EKBI0PT3lDGWe', '+212699901234', 'M'),
('1983-08-13', 4, 0x0ea23456781234567812345678123456, '1010 Redwood Court', 'R100010', 'prof.karen.thomas@example.com', 'Thomas', 'Karen', '$2a$10$DQkFupIigZou32MY5nPlYOU.RyWyZyUulzoByT2NwLZn2wBasUS/e', '+212699012345', 'F'),
('1985-05-12', 1, 0x12345678123456781234567812345678, '123 Admin Street', 'R123456', 'admin@example.com', 'Admin', 'User', '$2a$10$uIjP4uT5qSo8VkCECpdrWeROqSWtyU8IB7qS0S8yJPIX9ERTJU7yS', '+212600000000', 'M'),
('1992-03-22', 3, 0x22345678123456781234567812345678, '45 Service Lane', 'R654321', 'sp@example.com', 'Service', 'Scolarite', '$2a$10$pcbXJYQ0qEZO69uLZiL64O6GoC3SlR7FvkzNn7eG8/m9K0gcnXvlC', '+212611111111', 'F'),
('1989-08-15', 4, 0x32345678123456781234567812345678, '78 Support Ave', 'R789012', 'Professorson@example.com', 'Professorson', 'Professor', '$2a$10$DkAl1ydPGi/WUYwOwm57ve72OMqGZHCGY3CgSwqcJLE8RAlcKmy5S', '+212622222222', 'M'),
('1990-01-15', 4, 0x42345678123456781234567812345678, '12 Main Street', 'R456789', 'prof.john.doe@example.com', 'Doe', 'John', '$2a$10$0DDx/jj7f.rZkpwN2b3kdeJ/0bYyqECTfheDb0wPP7k.fmmMm8me.', '+212633333333', 'M'),
('1988-12-22', 1, 0x52345678123456781234567812345678, '34 Elm Street', 'R987654', 'admin.jane.doe@example.com', 'Doe', 'Jane', '$2a$10$u0ckVzWUtbu4LztND7OpR.M88bA68mH21l2ZVf1L6W8KFhIqcCMVq', '+212644444444', 'F'),
('1995-05-30', 2, 0x62345678123456781234567812345678, '56 Oak Street', 'R112233', 'sp.mike.brown@example.com', 'Brown', 'Mike', '$2a$10$aj6wo4KXdkoNV9KvWDGdQ.T.Cx5.EAAPq6ks0aJVJmCfQnm7Gk932', '+212655555555', 'M'),
('1992-11-11', 2, 0x72345678123456781234567812345678, '78 Pine Street', 'R445566', 'sp.lisa.white@example.com', 'White', 'Lisa', '$2a$10$hPWSxFXcMslRT7fPVY6sFegKN3rIHxnCiaBcQIMIWUL0O0a60t7zu', '+212666666666', 'F'),
('1987-04-18', 4, 0x82345678123456781234567812345678, '90 Maple Avenue', 'R778899', 'prof.susan.green@example.com', 'Green', 'Susan', '$2a$10$yGeAEc0Z9HGJamTA2qtW0uGCQ74WJTnm3urmr3ogRD4t7OfPixdle', '+212677777777', 'F'),
('1993-09-09', 1, 0x92345678123456781234567812345678, '100 Cedar Road', 'R990011', 'admin.james.king@example.com', 'King', 'James', '$2a$10$8.G5GJS5s7QKKDta/A9xOebx7NoKx6m1/yGP.6Mas.w355RqJCOCy', '+212688888888', 'M'),
('1985-07-05', 3, 0xa2345678123456781234567812345678, '120 Birch Lane', 'R223344', 'service_scol.sarah.lee@example.com', 'Lee', 'Sarah', '$2a$10$iZa/2Btpu5Fd49ryyR555.lsmD1Sejit/XYmazv0d/3vla012fe/W', '+212699999999', 'F'),
('1996-02-27', 2, 0xb2345678123456781234567812345678, '150 Aspen Way', 'R556677', 'sp.daniel.fox@example.com', 'Fox', 'Daniel', '$2a$10$CuVArUMfYaLhdicbXVBRsO1tPk59i1U2IMVtDsqy9pLdstyts8hp6', '+212611111112', 'M'),
('1991-06-16', 4, 0xc2345678123456781234567812345678, '180 Chestnut Blvd', 'R889900', 'prof.amy.clark@example.com', 'Clark', 'Amy', '$2a$10$JA7gV/HlSKS79YO4hZxXieibRI/WbhU8ntztfDXgqVVOzOoAS9LOm', '+212622222223', 'F'),
('1994-03-03', 1, 0xd2345678123456781234567812345678, '200 Redwood Court', 'R334455', 'admin.william.hill@example.com', 'Hill', 'William', '$2a$10$66Tf3LXF1HnMNviC/NIbDuMM6OAIrw7HHSYjaweIrGGEoPRXE95sK', '+212633333334', 'M');

--
-- Indexes for dumped tables
--

--
-- Indexes for table `affectation`
--
ALTER TABLE `affectation`
  ADD PRIMARY KEY (`id`),
  ADD KEY `FKk1qbs1xmmkgqmdexnnhj71xqn` (`filiere`),
  ADD KEY `FK4nb36e7cmjnmpeoqxea1xwnq6` (`module`),
  ADD KEY `FKhrd1wnma40dk37tjfdqvu0x1m` (`prof`);

--
-- Indexes for table `filiere`
--
ALTER TABLE `filiere`
  ADD PRIMARY KEY (`id`),
  ADD UNIQUE KEY `UK32vpbg28wwuhedq3da06d8ms9` (`coordinateur`);

--
-- Indexes for table `module`
--
ALTER TABLE `module`
  ADD PRIMARY KEY (`id`),
  ADD KEY `FKl8e2byfn74xuv3yy01d2mw41o` (`responsable`);

--
-- Indexes for table `professeur`
--
ALTER TABLE `professeur`
  ADD PRIMARY KEY (`id`);

--
-- Indexes for table `qualification`
--
ALTER TABLE `qualification`
  ADD PRIMARY KEY (`id`),
  ADD KEY `FK5n9jppu6gi8rp2ffshshql4tt` (`prof`);

--
-- Indexes for table `role`
--
ALTER TABLE `role`
  ADD PRIMARY KEY (`id`),
  ADD UNIQUE KEY `UKbjxn5ii7v7ygwx39et0wawu0q` (`role`);

--
-- Indexes for table `user`
--
ALTER TABLE `user`
  ADD PRIMARY KEY (`id`),
  ADD UNIQUE KEY `UK74u0aip4xj0n5mv3aooxd304a` (`cin`),
  ADD UNIQUE KEY `UKob8kqyqqgmefl0aco34akdtpe` (`email`),
  ADD UNIQUE KEY `UKdi6l3e0al57de4042735uty9w` (`telephone`),
  ADD KEY `FKn82ha3ccdebhokx3a8fgdqeyy` (`role_id`);

--
-- AUTO_INCREMENT for dumped tables
--

--
-- AUTO_INCREMENT for table `role`
--
ALTER TABLE `role`
  MODIFY `id` int(11) NOT NULL AUTO_INCREMENT, AUTO_INCREMENT=5;

--
-- Constraints for dumped tables
--

--
-- Constraints for table `affectation`
--
ALTER TABLE `affectation`
  ADD CONSTRAINT `FK4nb36e7cmjnmpeoqxea1xwnq6` FOREIGN KEY (`module`) REFERENCES `module` (`id`),
  ADD CONSTRAINT `FKhrd1wnma40dk37tjfdqvu0x1m` FOREIGN KEY (`prof`) REFERENCES `professeur` (`id`),
  ADD CONSTRAINT `FKk1qbs1xmmkgqmdexnnhj71xqn` FOREIGN KEY (`filiere`) REFERENCES `filiere` (`id`);

--
-- Constraints for table `filiere`
--
ALTER TABLE `filiere`
  ADD CONSTRAINT `FK4xmmcukwef34y8dv4cvsk3q5m` FOREIGN KEY (`coordinateur`) REFERENCES `professeur` (`id`);

--
-- Constraints for table `module`
--
ALTER TABLE `module`
  ADD CONSTRAINT `FKl8e2byfn74xuv3yy01d2mw41o` FOREIGN KEY (`responsable`) REFERENCES `professeur` (`id`);

--
-- Constraints for table `professeur`
--
ALTER TABLE `professeur`
  ADD CONSTRAINT `FKh8kdk5ty2g9ubhc4tqkyw6lxp` FOREIGN KEY (`id`) REFERENCES `user` (`id`);

--
-- Constraints for table `qualification`
--
ALTER TABLE `qualification`
  ADD CONSTRAINT `FK5n9jppu6gi8rp2ffshshql4tt` FOREIGN KEY (`prof`) REFERENCES `professeur` (`id`);

--
-- Constraints for table `user`
--
ALTER TABLE `user`
  ADD CONSTRAINT `FKn82ha3ccdebhokx3a8fgdqeyy` FOREIGN KEY (`role_id`) REFERENCES `role` (`id`);
COMMIT;

/*!40101 SET CHARACTER_SET_CLIENT=@OLD_CHARACTER_SET_CLIENT */;
/*!40101 SET CHARACTER_SET_RESULTS=@OLD_CHARACTER_SET_RESULTS */;
/*!40101 SET COLLATION_CONNECTION=@OLD_COLLATION_CONNECTION */;
